thermoctl/db/models/messwert.py	thermoctl/db/models/measurement.py
thermoctl/db/models/zustand.py	thermoctl/db/models/state.py
thermoctl/db/schemastand.py	thermoctl/db/schema_state.py
thermoctl/domain/abweichung.py	thermoctl/domain/deviation.py
thermoctl/domain/altbestand.py	thermoctl/domain/legacy_data.py
thermoctl/domain/altsystem.py	thermoctl/domain/legacy_system.py
thermoctl/domain/anlagenbild.py	thermoctl/domain/plant_diagram.py
thermoctl/domain/bediengeraet.py	thermoctl/domain/controller.py
thermoctl/domain/beobachtung.py	thermoctl/domain/reading.py
thermoctl/domain/fernbedienung.py	thermoctl/domain/remote_control.py
thermoctl/domain/geraeteklassen.py	thermoctl/domain/device_classes.py
thermoctl/domain/geraeteschau.py	thermoctl/domain/device_survey.py
thermoctl/domain/geraetezuordnung.py	thermoctl/domain/device_assignment.py
thermoctl/domain/modi.py	thermoctl/domain/modes.py
thermoctl/domain/regelung.py	thermoctl/domain/control_loop.py
thermoctl/domain/schnittstellen.py	thermoctl/domain/interfaces.py
thermoctl/domain/statistik.py	thermoctl/domain/statistics.py
thermoctl/domain/steuerung.py	thermoctl/domain/control.py
thermoctl/domain/stoerung.py	thermoctl/domain/fault.py
thermoctl/domain/stoerungsmeldung.py	thermoctl/domain/fault_notice.py
thermoctl/domain/verwaltung.py	thermoctl/domain/administration.py
thermoctl/domain/zonen.py	thermoctl/domain/zones.py
thermoctl/integrations/aktoren.py	thermoctl/integrations/actuators.py
thermoctl/integrations/benachrichtigung.py	thermoctl/integrations/notification.py
thermoctl/integrations/mqtt/befehle.py	thermoctl/integrations/mqtt/commands.py
thermoctl/integrations/mqtt/veroeffentlichung.py	thermoctl/integrations/mqtt/publication.py
thermoctl/services/aufbewahrung.py	thermoctl/services/retention.py
thermoctl/services/schattenlauf.py	thermoctl/services/shadow_run.py
thermoctl/services/veroeffentlichen.py	thermoctl/services/publishing.py
thermoctl/web/alltag_views.py	thermoctl/web/daily_views.py
thermoctl/web/formulare.py	thermoctl/web/forms.py
thermoctl/web/geraete_views.py	thermoctl/web/device_views.py
thermoctl/web/geraetezuordnung_views.py	thermoctl/web/device_assignment_views.py
thermoctl/web/modi_views.py	thermoctl/web/mode_views.py
thermoctl/web/steuerung_views.py	thermoctl/web/control_views.py
thermoctl/web/zeitplan_views.py	thermoctl/web/schedule_views.py
thermoctl/web/zonen_views.py	thermoctl/web/zone_views.py
